--
-- ProtectedSites
--
-- metadata
-- 
INSERT INTO metadata.serviceidentification  (id,abstract,fees,servicetype,servicepath,title) 
	VALUES ((select nextval('metadata.hibernate_sequence')), 'Deze View service is gebaseerd op de geharmoniseerde provinciale datasets voor Beschermde Gebieden. Onderdeel van deze View service zijn datasets voor Aardkundige Waarden, Ecologische Hoofdstructuur, Provinciale Monumenten, Nationale Landschappen, Stiltegebieden en WAV gebieden', 'no conditions apply', 'WMS', 'ProtectedSites/services', 'INSPIRE View service voor Beschermde Gebieden van de gezamenlijke provincies');
INSERT INTO metadata.serviceidentification  (id,abstract,fees,servicetype,servicepath,title) 
	VALUES ((select nextval('metadata.hibernate_sequence')), 'Deze Download service is gebaseerd op de geharmoniseerde provinciale datasets voor Beschermde Gebieden. Onderdeel van deze Download service zijn datasets voor Aardkundige Waarden, Ecologische Hoofdstructuur, Provinciale Monumenten, Nationale Landschappen, Stiltegebieden en WAV gebieden', 'none', 'WFS', 'ProtectedSites/services', 'INSPIRE Download service voor Beschermde Gebieden van de gezamenlijke provincies');

INSERT INTO metadata.serviceprovider  (id,administrativearea,city,contactinstructions,country,hoursofservice,individualname,onlineresource,organizationname,positionname,postalcode,providername,providersite,role)
	VALUES ((select nextval('metadata.hibernate_sequence')), '', '', NULL, '', NULL, 'Functioneel beheerder CDS Inspire, ProtectedSites', 'http://www.inspire-provincies.nl/ProtectedSites/services', 'GBO provincies', 'pointOfContact', '', NULL, NULL, NULL);
INSERT INTO metadata.serviceprovider  (id,administrativearea,city,contactinstructions,country,hoursofservice,individualname,onlineresource,organizationname,positionname,postalcode,providername,providersite,role)
	VALUES ((select nextval('metadata.hibernate_sequence')), '', '', '', '', '', 'Functioneel beheerder Provinciaal Georegister, ProtectedSites', '', '', 'pointOfContact', '', 'GBO provincies', 'http://www.idgis.eu', 'PointOfContact');

INSERT INTO metadata.service (id,description,name,serviceidentification_id,serviceprovider_id) VALUES ((select nextval('metadata.hibernate_sequence')), 'PS view', 'viewPS', (select id from metadata.serviceidentification where servicepath='ProtectedSites/services' AND servicetype='WMS'), (select id from metadata.serviceprovider where individualname='Functioneel beheerder CDS Inspire, ProtectedSites'));
INSERT INTO metadata.service (id,description,name,serviceidentification_id,serviceprovider_id) VALUES ((select nextval('metadata.hibernate_sequence')), 'PS download', 'downloadPS', (select id from metadata.serviceidentification where servicepath='ProtectedSites/services' AND servicetype='WFS'), (select id from metadata.serviceprovider where individualname='Functioneel beheerder Provinciaal Georegister, ProtectedSites'));

INSERT INTO metadata.service_datasetmetadata (service_id, name, namespace, url,"index") VALUES ((select id from metadata.service where name='viewPS'), 'PS.ProtectedSiteEcologischeHoofdstructuur', '', 'http://www.nationaalgeoregister.nl/geonetwork/srv/nl/csw?Service=CSW&Request=GetRecordById&Version=2.0.2&id=c7d8d77b-8c47-4309-8c58-9b12b086407f&outputSchema=http://www.isotc211.org/2005/gmd&elementSetName=full', 9);
INSERT INTO metadata.service_datasetmetadata (service_id, name, namespace, url,"index") VALUES ((select id from metadata.service where name='viewPS'), 'PS.ProtectedSiteNationaleLandschappen', '', 'http://www.nationaalgeoregister.nl/geonetwork/srv/nl/csw?Service=CSW&Request=GetRecordById&Version=2.0.2&id=60a2a7c2-d5b3-4ad5-b562-c448695357fb&outputSchema=http://www.isotc211.org/2005/gmd&elementSetName=full', 10);
INSERT INTO metadata.service_datasetmetadata (service_id, name, namespace, url,"index") VALUES ((select id from metadata.service where name='viewPS'), 'PS.ProtectedSiteGeological', '', 'http://www.nationaalgeoregister.nl/geonetwork/srv/nl/csw?Service=CSW&Request=GetRecordById&Version=2.0.2&id=ea980208-0a17-11e1-83c6-f2064924019b&outputSchema=http://www.isotc211.org/2005/gmd&elementSetName=full', 7);
INSERT INTO metadata.service_datasetmetadata (service_id, name, namespace, url,"index") VALUES ((select id from metadata.service where name='viewPS'), 'PS.ProtectedSiteEnvironment', '', 'http://www.nationaalgeoregister.nl/geonetwork/srv/nl/csw?Service=CSW&Request=GetRecordById&Version=2.0.2&id=ea980208-0a17-11e1-83c6-f2064924019b&outputSchema=http://www.isotc211.org/2005/gmd&elementSetName=full', 6);
INSERT INTO metadata.service_datasetmetadata (service_id, name, namespace, url,"index") VALUES ((select id from metadata.service where name='viewPS'), 'PS.ProtectedSiteStilteGebieden', '', 'http://www.nationaalgeoregister.nl/geonetwork/srv/nl/csw?Service=CSW&Request=GetRecordById&Version=2.0.2&id=cc408b2d-09a6-4b2b-9aa3-b46bfe2f00a5&outputSchema=http://www.isotc211.org/2005/gmd&elementSetName=full', 12);
INSERT INTO metadata.service_datasetmetadata (service_id, name, namespace, url,"index") VALUES ((select id from metadata.service where name='viewPS'), 'PS.ProtectedSiteProvincialeMonumenten', '', 'http://www.nationaalgeoregister.nl/geonetwork/srv/nl/csw?Service=CSW&Request=GetRecordById&Version=2.0.2&id=ca94a0cb-7561-4a10-a7d6-b840e56c33ff&outputSchema=http://www.isotc211.org/2005/gmd&elementSetName=full', 11);
INSERT INTO metadata.service_datasetmetadata (service_id, name, namespace, url,"index") VALUES ((select id from metadata.service where name='viewPS'), 'PS.ProtectedSiteArchaeological', '', 'http://www.nationaalgeoregister.nl/geonetwork/srv/nl/csw?Service=CSW&Request=GetRecordById&Version=2.0.2&id=ea980208-0a17-11e1-83c6-f2064924019b&outputSchema=http://www.isotc211.org/2005/gmd&elementSetName=full', 2);
INSERT INTO metadata.service_datasetmetadata (service_id, name, namespace, url,"index") VALUES ((select id from metadata.service where name='viewPS'), 'PS.ProtectedSiteCultural', '', 'http://www.nationaalgeoregister.nl/geonetwork/srv/nl/csw?Service=CSW&Request=GetRecordById&Version=2.0.2&id=ea980208-0a17-11e1-83c6-f2064924019b&outputSchema=http://www.isotc211.org/2005/gmd&elementSetName=full', 3);
INSERT INTO metadata.service_datasetmetadata (service_id, name, namespace, url,"index") VALUES ((select id from metadata.service where name='viewPS'), 'PS.ProtectedSiteEcological', '', 'http://www.nationaalgeoregister.nl/geonetwork/srv/nl/csw?Service=CSW&Request=GetRecordById&Version=2.0.2&id=ea980208-0a17-11e1-83c6-f2064924019b&outputSchema=http://www.isotc211.org/2005/gmd&elementSetName=full', 4);
INSERT INTO metadata.service_datasetmetadata (service_id, name, namespace, url,"index") VALUES ((select id from metadata.service where name='viewPS'), 'PS.ProtectedSiteLandscape', '', 'http://www.nationaalgeoregister.nl/geonetwork/srv/nl/csw?Service=CSW&Request=GetRecordById&Version=2.0.2&id=ea980208-0a17-11e1-83c6-f2064924019b&outputSchema=http://www.isotc211.org/2005/gmd&elementSetName=full', 5);
INSERT INTO metadata.service_datasetmetadata (service_id, name, namespace, url,"index") VALUES ((select id from metadata.service where name='viewPS'), 'PS.ProtectedSiteAardkundigeWaarden', '', 'http://www.nationaalgeoregister.nl/geonetwork/srv/nl/csw?Service=CSW&Request=GetRecordById&Version=2.0.2&id=f002bfc5-7d87-46b6-819e-8415422b65c9&outputSchema=http://www.isotc211.org/2005/gmd&elementSetName=full', 8);
INSERT INTO metadata.service_datasetmetadata (service_id, name, namespace, url,"index") VALUES ((select id from metadata.service where name='viewPS'), 'PS.ProtectedSiteWAVGebieden', '', 'http://www.nationaalgeoregister.nl/geonetwork/srv/nl/csw?Service=CSW&Request=GetRecordById&Version=2.0.2&id=998ba1dc-f6a6-49a3-a021-51f30d9b1d0e&outputSchema=http://www.isotc211.org/2005/gmd&elementSetName=full', 13);
INSERT INTO metadata.service_datasetmetadata (service_id, name, namespace, url,"index") VALUES ((select id from metadata.service where name='viewPS'), 'PS.ProtectedSiteNatureConservation', '', 'http://www.nationaalgeoregister.nl/geonetwork/srv/nl/csw?Service=CSW&Request=GetRecordById&Version=2.0.2&id=ea980208-0a17-11e1-83c6-f2064924019b&outputSchema=http://www.isotc211.org/2005/gmd&elementSetName=full', 1);
INSERT INTO metadata.service_datasetmetadata (service_id, name, namespace, url,"index") VALUES ((select id from metadata.service where name='viewPS'), 'PS.ProtectedSite', '', 'http://www.nationaalgeoregister.nl/geonetwork/srv/nl/csw?Service=CSW&Request=GetRecordById&Version=2.0.2&id=ea980208-0a17-11e1-83c6-f2064924019b&outputSchema=http://www.isotc211.org/2005/gmd&elementSetName=full', 0);

INSERT INTO metadata.si_accessconstraint (serviceidentification_id,accessconstraint,"index") VALUES ((select serviceidentification_id from metadata.service where name='viewPS'), 'anders', 0);
INSERT INTO metadata.si_accessconstraint (serviceidentification_id,accessconstraint,"index") VALUES ((select serviceidentification_id from metadata.service where name='downloadPS'), 'anders', 0);

INSERT INTO metadata.si_keyword (serviceidentification_id,codespace,"value","index" ) VALUES ((select serviceidentification_id from metadata.service where name='viewPS'), 'ISO', 'infoMapAccessService', 0);
INSERT INTO metadata.si_keyword (serviceidentification_id,codespace,"value","index" ) VALUES ((select serviceidentification_id from metadata.service where name='viewPS'), 'GEMET - INSPIRE themes, version 1.0', 'Beschermde gebieden', 1);
INSERT INTO metadata.si_keyword (serviceidentification_id,codespace,"value","index" ) VALUES ((select serviceidentification_id from metadata.service where name='downloadPS'), 'ISO', 'infoFeatureAccessService', 0);
INSERT INTO metadata.si_keyword (serviceidentification_id,codespace,"value","index" ) VALUES ((select serviceidentification_id from metadata.service where name='downloadPS'), 'GEMET - INSPIRE themes, version 1.0', 'Beschermde gebieden', 1);

-- si-version is not filled

INSERT INTO metadata.sp_deliverypoint (serviceprovider_id,deliverypoint,"index") VALUES ((select serviceprovider_id from metadata.service where name='viewPS'), '', 0);
INSERT INTO metadata.sp_deliverypoint (serviceprovider_id,deliverypoint,"index") VALUES ((select serviceprovider_id from metadata.service where name='downloadPS'), '', 0);

INSERT INTO metadata.sp_emailaddress (serviceprovider_id, emailaddress,"index") VALUES ((select serviceprovider_id from metadata.service where name='viewPS'), 'inspire@gbo-provincie.nl', 0);
INSERT INTO metadata.sp_emailaddress (serviceprovider_id, emailaddress,"index") VALUES ((select serviceprovider_id from metadata.service where name='downloadPS'), '', 0);

INSERT INTO metadata.sp_faxnumber (serviceprovider_id ,faxnumber,"index") VALUES ((select serviceprovider_id from metadata.service where name='viewPS'), '', 0);
INSERT INTO metadata.sp_faxnumber (serviceprovider_id ,faxnumber,"index") VALUES ((select serviceprovider_id from metadata.service where name='downloadPS'), '', 0);

INSERT INTO metadata.sp_phonenumber (serviceprovider_id,phonenumber,"index") VALUES ((select serviceprovider_id from metadata.service where name='viewPS'), '', 0);
INSERT INTO metadata.sp_phonenumber (serviceprovider_id,phonenumber,"index") VALUES ((select serviceprovider_id from metadata.service where name='downloadPS'), '', 0);
--------------------------------
